[
    {
        "name": "cyber",
        "type": "dual",
        "colors": [
            {
                "r": 163,
                "g": 78,
                "b": 78
            },
            {
                "r": 0,
                "g": 251,
                "b": 255
            }
        ],
        "more colors": [
            {
                "r": 50,
                "g": 50,
                "b": 50
            },
            {
                "r": 0,
                "g": 0,
                "b": 0
            }
        ]
    },
    {
        "name": "space",
        "type": "horizontal",
        "colors": [
            {
                "r": 79,
                "g": 159,
                "b": 241
            },
            {
                "r": 217,
                "g": 0,
                "b": 168
            }
        ],
        "more colors": null
    },
    {
        "name": "green",
        "type": "horizontal",
        "colors": [
            {
                "r": 0,
                "g": 255,
                "b": 0
            }
        ],
        "more colors": null
    },
    {
        "name": "red",
        "type": "horizontal",
        "colors": [
            {
                "r": 255,
                "g": 0,
                "b": 0
            }
        ],
        "more colors": null
    },
    {
        "name": "cool",
        "type": "radial",
        "colors": [
            {
                "r": 255,
                "g": 0,
                "b": 255
            },
            {
                "r": 0,
                "g": 255,
                "b": 255
            }
        ],
        "more colors": null
    },
    {
        "name": "bruh",
        "type": "diagonal",
        "colors": [
            {
                "r": 255,
                "g": 36,
                "b": 36
            },
            {
                "r": 0,
                "g": 0,
                "b": 214
            }
        ],
        "more colors": null
    },
    {
        "name": "redish",
        "type": "horizontal",
        "colors": [
            {
                "r": 240,
                "g": 240,
                "b": 0
            },
            {
                "r": 190,
                "g": 0,
                "b": 170
            },
            {
                "r": 255,
                "g": 0,
                "b": 0
            }
        ],
        "more colors": null
    },
    {
        "name": "argon",
        "type": "horizontal",
        "colors": [
            {
                "r": 22,
                "g": 20,
                "b": 50
            },
            {
                "r": 115,
                "g": 3,
                "b": 192
            },
            {
                "r": 236,
                "g": 56,
                "b": 188
            },
            {
                "r": 253,
                "g": 239,
                "b": 249
            }
        ],
        "more colors": null
    },
    {
        "name": "neko",
        "type": "radial",
        "colors": [
            {
                "r": 255,
                "g": 50,
                "b": 23
            },
            {
                "r": 153,
                "g": 97,
                "b": 250
            },
            {
                "r": 255,
                "g": 142,
                "b": 61
            },
            {
                "r": 32,
                "g": 250,
                "b": 214
            }
        ],
        "more colors": null
    },
    {
        "name": "ahegao",
        "type": "horizontal",
        "colors": [
            {
                "r": 251,
                "g": 211,
                "b": 233
            },
            {
                "r": 187,
                "g": 55,
                "b": 125
            }
        ],
        "more colors": null
    },
    {
        "name": "extra",
        "type": "horizontal",
        "colors": [
            {
                "r": 0,
                "g": 255,
                "b": 0
            },
            {
                "r": 20,
                "g": 255,
                "b": 100
            }
        ],
        "more colors": null
    },
    {
        "name": "zombie",
        "type": "horizontal",
        "colors": [
            {
                "r": 252,
                "g": 53,
                "b": 76
            },
            {
                "r": 10,
                "g": 191,
                "b": 188
            }
        ],
        "more colors": null
    },
    {
        "name": "umbral",
        "type": "diagonal",
        "colors": [
            {
                "r": 180,
                "g": 180,
                "b": 180
            },
            {
                "r": 0,
                "g": 0,
                "b": 0
            }
        ],
        "more colors": null
    },
    {
        "name": "yellow",
        "type": "horizontal",
        "colors": [
            {
                "r": 255,
                "g": 255,
                "b": 0
            }
        ],
        "more colors": null
    },
    {
        "name": "cyan",
        "type": "horizontal",
        "colors": [
            {
                "r": 0,
                "g": 255,
                "b": 255
            }
        ],
        "more colors": null
    },
    {
        "name": "theme",
        "type": "theme",
        "colors": null,
        "more colors": null
    }
]
